{"4816899857": {"NOT-HATE": 0.9968273341655731, "HATE": 0.00317270471714437}}