{"4816899857": {"negative": 0.33183014392852783, "neutral": 0.47366587817668915, "positive": 0.1945040225982666}}