{"4816899857": {"negative": 0.0, "surprise": 0.0, "positive": 0.023255813953488372, "fear": 0.0, "trust": 0.03488372093023256, "sadness": 0.0, "anger": 0.0, "anticipation": 0.023255813953488372, "joy": 0.0, "disgust": 0.0}}