{"4816899857": {"Funct": 0.2558139534883721, "Prepos": 0.06976744186046512, "MecCog": 0.22093023255813954, "Insight": 0.011627906976744186, "Percept": 0.023255813953488372, "Ver": 0.011627906976744186, "Verbos": 0.09302325581395349, "Present": 0.046511627906976744, "verbosEL": 0.023255813953488372, "Articulo": 0.10465116279069768, "Certeza": 0.046511627906976744, "Causa": 0.09302325581395349, "Logro": 0.09302325581395349, "TotPron": 0.03488372093023256, "PronImp": 0.03488372093023256, "Social": 0.05813953488372093, "Placer": 0.046511627906976744, "VerbAux": 0.023255813953488372, "verbELLOS": 0.023255813953488372, "Pasado": 0.046511627906976744, "Adverb": 0.011627906976744186, "Relativ": 0.05813953488372093, "Tiempo": 0.05813953488372093, "Conjunc": 0.023255813953488372, "Excl": 0.011627906976744186, "Cuantif": 0.011627906976744186, "Tentat": 0.023255813953488372, "Oir": 0.011627906976744186, "Muerte": 0.046511627906976744, "Discrep": 0.011627906976744186, "Incl": 0.011627906976744186}}